{"accuracy": [0.40533629059791565, 0.7248051166534424, 0.8319006562232971, 0.8791632056236267, 0.9093878269195557, 0.9291061758995056, 0.9426625967025757, 0.9553871154785156, 0.9611486196517944, 0.9635209441184998], "loss": [2.1013755798339844, 0.8882070779800415, 0.5311377644538879, 0.3669903874397278, 0.2738528251647949, 0.21685893833637238, 0.17349568009376526, 0.13629965484142303, 0.1189059242606163, 0.10797865688800812], "val_accuracy": [0.7005723118782043, 0.8194589018821716, 0.8551855683326721, 0.8736559152603149, 0.8927332758903503, 0.87781822681427, 0.910336434841156, 0.8599548935890198, 0.9150190949440002, 0.9182275533676147], "val_loss": [0.9921976327896118, 0.5678121447563171, 0.45716044306755066, 0.39850109815597534, 0.3442515432834625, 0.40947073698043823, 0.2940331995487213, 0.5219965577125549, 0.2986583709716797, 0.2766302525997162]}